-23.32086169418845, -0.015820132428128186
-21.483250304974124, -0.015820132428128186
-19.645638915759793, -0.015820132428128186
-17.808027526545466, -0.015820132428128186
-15.969528116363406, -0.01243085240130748
-14.132804748116808, -0.015820132428128186
-12.293417316967023, -0.009041572374486329
-10.457581969688142, -0.015820132428128186
-8.61553047563519, 0.001126267705976236
-6.77347898158223, 0.01807266784008066
-4.9127790472070245, 0.10619394853742392
-3.50082570852269, 0.23498658955661744
-2.7767926128367577, 0.3682982706115725
-2.279500870910205, 0.5129075517559301
-1.6207866508503415, 0.6891501131506161
-0.9853583139441824, 1.0687494761545553
-1.2541326601759195, 0.9196211549744366
-1.278997247272244, 0.8247213142234515
-0.38308275983312967, 1.3218157181571815
-0.7307923031960684, 1.1636493169055404
0.30049604732305824, 1.5929581203028527
0.0382338548546457, 1.46868451931942
0.5580221279635964, 1.6991555611432403
1.054721855911673, 1.8415053222697175
1.5514215838597423, 1.9838550833961948
2.719465163408671, 2.058419243986254
3.613406270919512, 1.9635194032352694
4.044392447255866, 1.855062442377001
4.4753786235922135, 1.7466054815187326
5.125409971967642, 1.5974771603386138
5.549291980562181, 1.4619059592657782
6.199323328937616, 1.3127776380856593
6.768051424267902, 1.1455731567624956
7.721983281598455, 0.9874067555108543
8.603492095561123, 0.8450569943843771
9.708782193390746, 0.680112033079094
10.825912570790052, 0.5603574721314226
11.941858920232384, 0.4360838711479902
13.295202875046812, 0.3411840303970055
14.877064225556047, 0.2417651496102593
16.691587069609504, 0.15364386891291604
18.057363317972083, 0.10619394853742392
