-23.67026384918027, -0.011407962362389945
-21.83333066616487, -0.01529069285127127
-19.99580242866842, -0.015766736436114925
-18.158274191171966, -0.01624278002095858
-16.32015089919446, -0.013312136701764565
-14.483217716179063, -0.01719486719064589
-12.645094424201556, -0.014264223871451875
-10.808161241186156, -0.0181469543603332
-8.969442894727592, -0.01180962413710196
-7.129534439306923, 0.0013410798942032898
-5.361032521612799, 0.04403623890986763
-3.6639371416452207, 0.11627585290989018
-2.500010576702522, 0.20455218517433282
-1.5594277936489647, 0.32922601652994565
-1.073069931133709, 0.4835434786167587
-0.5077681741318827, 0.6514678531703533
-0.019823499667154465, 0.8148698136679324
1.3017925027549992, 0.9292244085645907
2.436561398126031, 0.8505730825312052
3.329936525682598, 0.7049830861665254
4.682693712613272, 0.5592740789056343
6.038624523442913, 0.43173406846627627
7.628411745326979, 0.32798136090707297
9.450468566316019, 0.23893145781725966
11.277285823153484, 0.17713504995974416
13.030911378821244, 0.13466303637447563
14.93865604508214, 0.09782916399719932
16.770233737768045, 0.06328625137198252
18.144809589004055, 0.04248909725912586
