-23.698328977383987, 0.5074186060382004
-21.863925791620815, 1.1776263966116716
-20.026667186177775, 1.536593442080111
-18.186553161054874, 1.5843197424435331
-16.34725497012622, 1.7209719699798143
-14.508772613391809, 1.9465501246889616
-12.669066505366029, 2.0387393886388097
-10.830992065728744, 2.308780506934397
-8.992917626091462, 2.5788216252299776
-6.697160203481907, 3.1164563592383985
-4.863164934815856, 3.8311271133982956
-3.2644018588242005, 5.1085874892225505
-1.9041343122839223, 7.304541195402621
-1.1720590953134291, 11.100073811768596
-1.4635838473908294, 9.439579281745619
-0.7480066107928778, 15.033391758718412
-1.0377183979941762, 13.175284057200184
-0.3489730415625516, 21.693771472302746
-0.4095260684244053, 19.93487827362927
-0.39484105292796556, 18.334211584517703
-0.613484616986014, 17.088840687000477
0.013076044195265979, 24.026286757775292
0.9206915852944633, 25.406270297343184
2.080399892415805, 24.385661720340856
2.7852806362447566, 22.786218782520663
3.7185949544627093, 21.365035616143324
4.651909272680669, 19.94385244976598
5.58440775670438, 18.611595210561504
6.748603151894088, 17.10189403410842
7.9095352103067995, 15.947896566346795
9.302980014079765, 14.527529234163698
10.92621811589882, 13.137211794802013
12.549184272986444, 11.776536331164618
14.402759562314415, 10.356984833175769
16.023006272087898, 9.292729126781257
17.646516318638362, 7.872769711695284
