-2.45320802518426, 0.3500669688583051
-2.2031526315129355, 0.44141675062814345
-1.4520771581583318, 0.7200352899492888
-1.7025871979999678, 0.626400911173635
-1.9549158225228496, 0.5236281443747202
-1.200657825976073, 0.8182388627365729
-0.6864530073537622, 1.071760933456523
-0.9346898163438411, 0.9895495397099463
-0.9510570784750598, 0.9073040475005958
0.09235588238983894, 1.4897398901324015
-0.09359440126757335, 1.332125429039662
-0.42184893623247177, 1.2362178194124507
-0.4382161983636905, 1.1539723272031002
0.582009807815318, 1.6198937225383263
0.9157200968239607, 1.743216496235321
1.4067379607603812, 1.8802241196586913
1.8191020372329163, 2.010389318218874
2.531532586111034, 2.0948171120457197
3.6699665965710366, 1.9895551574643495
4.113246612624749, 1.8866800952771148
4.555162690167528, 1.776951242072434
4.997078767710306, 1.6672223888677533
5.214854283289512, 1.5963657832247062
5.655861068491674, 1.482067736008395
6.10868865412192, 1.4271692109432812
6.322827000338648, 1.3380358292537116
6.7647430778814055, 1.2283069760490308
7.208023093935125, 1.1254319138617959
7.654030987010714, 1.0362644337094529
8.329180549923294, 0.933355273059445
9.002966174324925, 0.8235923213919909
9.675842506385948, 0.709260175712906
10.811548639824082, 0.5902906390966445
11.72129562661739, 0.5010549620187548
12.858365698566459, 0.38893921641993856
14.232306425247813, 0.30191993942231754
15.37665083592185, 0.226357745916546
16.982006463291768, 0.13701977345033622
18.362312236357482, 0.08198485453412863
19.74989234814818, 0.06350348771096614
21.139291044620123, 0.05416050891106483
-3.0318105996312568, 0.241696175119253
-3.5445260601094404, 0.16530098621638256
-4.451728073512626, 0.10661086886541238
-5.258259928009132, 0.05378830002048485
-6.6559363202715645, 0.030464428901700202
-7.854613561206861, 0.007111293201838009
-9.446606771824051, 0.007345409850457951
-16.714758128237392, -0.015115156126539908
-17.808082877293607, -0.009072020134031522
-15.421263644610924, -0.015305375903543972
-23.778057417108066, -0.008194082701705963
-22.584062509145177, -0.008369670188171252
-19.50074624681747, -0.014705451991454677
-20.99323988177109, -0.014485967633373065
-14.127769160984457, -0.015495595680547591
-12.635275526030838, -0.015715080038629203
-11.040941148927445, -0.004184835094085404
