-21.73568835294101, 1.2766851189178752
-19.861493722118063, 1.5397090363221224
-17.98889076401768, 1.6252614451601062
-16.11588988773665, 1.7551817311396576
-14.242093175094343, 1.9738377714023372
-12.369092298813317, 2.1037580573818886
-10.494897667990369, 2.3667819747861287
-8.620305118986778, 2.6741737693319365
-6.744518815441253, 3.114669195302419
-4.867538757353813, 3.688268252697604
-3.4577146433398624, 4.351398900737188
-2.5122610461349097, 5.414636279412115
-1.5607060368267724, 7.158181107590998
-1.317710667848175, 8.163455071285775
-0.5928363821123313, 10.72080889857395
0.02141664940508292, 18.336365998787336
-0.08893932602624943, 14.727911297333808
-0.3372402707467401, 13.1310656384182
0.4448015936079699, 22.062604481710842
0.43153765425324053, 20.583675243658764
0.16413663686194724, 16.85717148194816
1.360437855143502, 25.018950868728567
0.6909803080317047, 23.422821462538117
2.8039258472397464, 24.217861987460463
3.7255043536061905, 22.61902673764165
4.645491187250073, 20.842719979256586
5.571048875422932, 19.687563500853393
6.495014890873229, 18.354935513883955
7.652426238966726, 16.962752439211787
9.042487083342131, 15.422278522553775
10.434670158014299, 14.11843328398409
11.827914347834842, 12.932902384458576
13.454603870298584, 11.687816397230339
15.313677610257145, 10.2648609832552
17.172751350215705, 8.841905569280073
18.79891031510526, 7.537662412529748
-23.04836569406526, 0.7196131964675203
