-77.44971798752655, -0.10251100358127019
-70.87051616289703, 0.2674576487419955
-65.26280029601607, 0.3617922851909725
-57.64964880112913, 0.11416386451243454
-51.605717701018264, 0.2674576487419955
-45.015486805038165, 0.4797105807521689
-38.49864561748427, 1.741436343257078
-31.91212543709875, 2.006752508269784
-25.351305398053512, 1.7650200023693117
-18.694909890677934, 3.0301148590331053
-12.303055028389196, 4.954709897299907
-6.102758496139899, 6.80750111630536
-4.3724311992990295, 9.612482571967533
-1.261614625839968, 12.354082943765562
0.3043073550742008, 15.148746548566123
5.083709040897617, 16.06850925394353
10.189035246445286, 13.901760573006385
15.28075549481278, 11.92957707974523
21.483010460292547, 9.81883958919964
28.213836247134054, 8.020585581891254
34.69062526636546, 6.481751824817522
41.58478143961622, 5.721178818447754
48.25788498387536, 4.748352880067813
54.851473193964836, 3.788161044783706
58.82723990244705, 3.156455889991534
