-55.478713881870604, 0.002128408892601019
-48.82671459795394, 0.0015449001834855203
-42.17471531403726, 0.0009613914743700214
-35.52595774517124, 0.00498111813716573
-28.877200176305195, 0.009000844799960994
-22.2410042532604, 0.030858108528912354
-16.744676384897502, 0.09711876416402809
-12.926341269622952, 0.184815260571511
-10.553405852553283, 0.27850730896515596
-8.65092433220795, 0.41056019241056907
-6.5490773362481605, 0.5743559496318651
-7.0304720212684515, 0.4708317794896242
-5.527126666533377, 0.6973952443789693
-4.488156992802743, 0.7962675534235393
-3.4807940408158515, 0.9400214073442434
-4.533541003511715, 0.8607128486302953
-2.2481318928093685, 1.0786922520655413
-0.3429759575472531, 1.2069474663291275
3.714771391770938, 1.2920091430536644
7.434465749075912, 1.1824449631188527
9.157032084110625, 1.0977146359827066
10.892970493729251, 0.9939959629374271
13.184457820151579, 0.888502450901921
15.482023362293859, 0.7743778725440815
17.777968046910786, 0.6625549118721981
20.60109664163835, 0.5892354217143103
22.869486748324846, 0.5165399617036714
25.931448699408378, 0.41891895466864826
30.75779510967996, 0.33460680877403526
35.81025114473377, 0.24406084483703783
41.95670496650288, 0.17424726950641922
48.65489868989118, 0.1080676567475698
54.415426334881374, 0.06153283719560898
