0.979757960929803, 2.283289068442251
0.9811884609219996, 2.989189391388919
0.98302206539379, 3.013391688175666
0.9825572530713955, -6.328694871507125
0.9847005797770572, 3.744070553070671
0.9839581012430255, 2.8681779074552054
0.984688978549963, -6.328694871507125
0.9860180212317886, 3.8846743724984094
0.9873276344023602, 5.120336080666007
0.9891784244638482, 5.369081908751987
0.9909383000845001, 5.65144203793065
0.9915297336947192, -4.8765570643025455
0.9927424530858628, 6.211120151124078
0.9943835210741097, 6.7203768126784595
0.9948964174298552, 7.890154490704376
0.9940685706556597, -6.328694871507125
0.9976716675547721, 8.19268320053866
0.9984487055337267, 8.91875210414095
0.9983320216127946, -6.328694871507125
1.0005977412643006, 10.225676130625075
1.0019617250103612, 10.201473833838332
1.003021817665643, -6.328694871507125
1.004714375639603, 8.797740620207236
1.0057000983233015, 8.112008877916182
1.0053667156920671, -6.328694871507125
1.0072580210038788, 7.708637264803805
1.0064357840335743, -6.086671903639697
1.0089581922831197, 7.315349942019232
1.0089906490056317, -6.328694871507125
1.0112294950251648, 7.1237484257908505
1.011567953193253, -4.8765570643025455
1.012889996976891, 6.417848102844175
1.011975064675626, -6.328694871507125
1.0134400248917244, 39.89769199117196
1.0143561860071748, 6.062881083305278
1.0149594803456206, -6.328694871507125
1.0161864245966306, 5.832959263831221
1.0164244405617187, 39.89769199117196
1.0171072338353049, -5.118580032169973
1.0176682142244016, 5.046384618262074
1.0196220287795699, 39.89769199117196
1.0215405817102805, 39.89769199117196
1.024095446682338, 39.65566902330453
1.0031618782054474, 8.94736842105263
